{{
    "name": "wal",
    "black": "{color0}",
    "red": "{color1}",
    "green": "{color2}",
    "yellow": "{color3}",
    "blue": "{color4}",
    "purple": "{color5}",
    "cyan": "{color6}",
    "white": "{color7}",
    "brightBlack": "{color8}",
    "brightRed": "{color9}",
    "brightGreen": "{color10}",
    "brightYellow": "{color11}",
    "brightBlue": "{color12}",
    "brightPurple": "{color13}",
    "brightCyan": "{color14}",
    "brightWhite": "{color15}",
    "background": "{background}",
    "foreground": "{foreground}"
}}
